transcript_id,transcript_position,score
ENST00000389680,103,0.7103497
ENST00000389680,166,0.3118678
ENST00000389680,179,0.20577388
ENST00000389680,204,0.30458245
ENST00000389680,218,0.18701711
